Keywords,2020_Count
thailand,120
covid-19,35
hadron-hadron scattering (experiments),31
inflammation,28
asia,23
depression,20
oxidative stress,20
hiv,20
cms,20
deep learning,19
sars-cov-2,18
machine learning,18
adsorption,16
cytotoxicity,15
neuro-immune,14
physics,14
epidemiology,14
obesity,13
children,13
apoptosis,13
hydrogen production,13
myanmar,12
higgs physics,12
quality of life,12
mechanical properties,12
new species,12
vaccine,12
cytokines,12
southeast asia,11
acute kidney injury,11
biomarker,11
